Link Title,Description,Module,Resource Type 1,Type,document url
Module 1 Lecture Slides - Economic Thought and Modeling,"Covers economic thought principles and modeling (budget constraints, PPC, comparative advantage)",Module 1,Lecture Slides,Embedded Resource,https://www.canva.com/design/DAGwfT91g1g/OdJml0o6MBrAhTj7OZbYCQ/view?utm_content=DAGwfT91g1g&utm_campaign=designshare&utm_medium=link2&utm_source=uniquelinks&utlId=h17b226aba2
Module 5 Lecture Slides - Factors of Production,"Neoclassical resource distribution, markets for land, capital, and labor",Module 5,Lecture Slides,Embedded Resource,https://www.canva.com/design/DAGwfzL7oXA/3XmNY9jjdA9aILtYOLcC5Q/view?utm_content=DAGwfzL7oXA&utm_campaign=designshare&utm_medium=link2&utm_source=uniquelinks&utlId=h49261ea0a9
Module 4 Lecture Slides - Welfare Economics,"Market equilibrium, surplus, government intervention, and deadweight loss",Module 4,Lecture Slides,Embedded Resource,https://www.canva.com/design/DAGwfq8bp5U/31Uju3ezcXK37ysvNjEstQ/view?utm_content=DAGwfq8bp5U&utm_campaign=designshare&utm_medium=link2&utm_source=uniquelinks&utlId=h2a359dfe37
Module 3 Lecture Slides - Elasticity,"Price elasticity of demand and supply, total revenue, and elasticity applications",Module 3,Lecture Slides,Embedded Resource,https://www.canva.com/design/DAGwfniXtYU/-PJ5--Ubu-zd9eLiHasg2g/view?utm_content=DAGwfniXtYU&utm_campaign=designshare&utm_medium=link2&utm_source=uniquelinks&utlId=h90aad4752f
Module 2 Lecture Slides - Supply and Demand,Building static market models and shifting supply and demand curves,Module 2,Lecture Slides,Embedded Resource,https://www.canva.com/design/DAGu3QAnbyo/X4tBmSFNVLX_Wjotx8TuKg/view?utm_content=DAGu3QAnbyo&utm_campaign=designshare&utm_medium=link2&utm_source=uniquelinks&utlId=h17f367ac75
Module 6 Lecture Slides - Choice,"Utility, optimal choice, intertemporal choice, and bounded rationality",Module 6,Lecture Slides,Embedded Resource,https://www.canva.com/design/DAGwf10bfYw/salIXy7kgdoFrE_JiMkAVg/view?utm_content=DAGwf10bfYw&utm_campaign=designshare&utm_medium=link2&utm_source=uniquelinks&utlId=hb547e94ffd
Module 9 Lecture Slides - Cost of Production,"Firm production, revenue, profits, and short-run/long-run costs",Module 9,Lecture Slides,Embedded Resource,https://docs.google.com/presentation/d/1_7e-cwVSdUN-C4VBvpeJj1gVNNsLCcRV/edit?usp=sharing&ouid=106497440738727652653&rtpof=true&sd=true
Module 10 Lecture Slides - Profit Maximization,Perfect competition and monopoly profit-maximizing behavior,Module 10,Lecture Slides,Embedded Resource,https://docs.google.com/presentation/d/1kozm3rG9vJ-KhPnAL-GDfC06sFFVNAfX/edit?usp=sharing&ouid=106497440738727652653&rtpof=true&sd=true
Module 12 Lecture Slides - Micro-Policy,"Types of goods, externalities, government responses with taxes and subsidies",Module 12,Lecture Slides,Embedded Resource,https://www.canva.com/design/DAG5q19uVic/8m5nIPLoKl01XmS99hJReA/view?utm_content=DAG5q19uVic&utm_campaign=designshare&utm_medium=link2&utm_source=uniquelinks&utlId=hc51ff648b0
Module 11 Lecture Slides - Asymmetric Information,"Oligopoly, game theory, monopolistic competition, and antitrust law",Module 11,Lecture Slides,Embedded Resource,https://docs.google.com/presentation/d/17glhtdEYx9r_YZ3JdtStAWopq3TeAH8i/edit?usp=sharing&ouid=106497440738727652653&rtpof=true&sd=true
Module 2 Guided Notes - Supply and Demand,Guided notes for building and shifting static market models,Module 2,Guided Notes,Embedded Resource,https://www.canva.com/design/DAGxSH8hCHk/I2kj289MFKsKjWqFfBHeUA/view?utm_content=DAGxSH8hCHk&utm_campaign=designshare&utm_medium=link2&utm_source=uniquelinks&utlId=hb3c9693bc0
Module 1 Guided Notes - Economic Thought and Modeling,Guided notes for economic thought principles and modeling,Module 1,Guided Notes,Embedded Resource,https://www.canva.com/design/DAGkcbYfGCc/ftT9TolnQqSJ47GTXdmhvQ/view?utm_content=DAGkcbYfGCc&utm_campaign=designshare&utm_medium=link2&utm_source=uniquelinks&utlId=he82f71711d
Module 12 Guided Notes - Micro-Policy,"Guided notes for types of goods, externalities, and policy applications",Module 12,Guided Notes,Embedded Resource,https://www.canva.com/design/DAGj-XcXXCQ/HqFSA-Y9C1A6335ZWD98EQ/view?utm_content=DAGj-XcXXCQ&utm_campaign=designshare&utm_medium=link2&utm_source=uniquelinks&utlId=h26cb36b088
Module 6 Guided Notes - Choice,"Guided notes for utility, optimal choice, and intertemporal choice",Module 6,Guided Notes,Embedded Resource,https://www.canva.com/design/DAG5xP0dSpk/kJU_J-g6stn9rT3Q7qJCGw/view?utm_content=DAG5xP0dSpk&utm_campaign=designshare&utm_medium=link2&utm_source=uniquelinks&utlId=h3d387c98b9
Module 11 Guided Notes - Asymmetric Information,"Guided notes for oligopoly, game theory, and monopolistic competition",Module 11,Guided Notes,Embedded Resource,https://www.canva.com/design/DAGktlosX4M/H1KvxNqI7QmVFe42oYD41w/view?utm_content=DAGktlosX4M&utm_campaign=designshare&utm_medium=link2&utm_source=uniquelinks&utlId=h5b758b3187
Module 3 Guided Notes - Elasticity,Guided notes for price elasticity of demand and supply,Module 3,Guided Notes,Embedded Resource,https://www.canva.com/design/DAGxT8SWQw4/fxTNVq45ccQYxK4R6RAlWg/view?utm_content=DAGxT8SWQw4&utm_campaign=designshare&utm_medium=link2&utm_source=uniquelinks&utlId=h2eb3f4c4cc
Module 9 Guided Notes - Cost of Production,"Guided notes for firm production, costs, and economies of scale",Module 9,Guided Notes,Embedded Resource,https://www.canva.com/design/DAGkcbojPIk/vHqfUO_zB6h3uWfMkr-bdg/view?utm_content=DAGkcbojPIk&utm_campaign=designshare&utm_medium=link2&utm_source=uniquelinks&utlId=hd509949099
Module 4 Guided Notes - Welfare Economics,"Guided notes for market equilibrium, surplus, and deadweight loss",Module 4,Guided Notes,Embedded Resource,https://www.canva.com/design/DAGxYUof8qc/3xwW5OfRWTSWXvvASdqAoA/view?utm_content=DAGxYUof8qc&utm_campaign=designshare&utm_medium=link2&utm_source=uniquelinks&utlId=h9e0f0653ed
Module 10 Guided Notes - Profit Maximization,Guided notes for perfect competition and monopoly behavior,Module 10,Guided Notes,Embedded Resource,https://www.canva.com/design/DAGkcYB26Qo/lLa38_j6olYROBl_PJURnw/view?utm_content=DAGkcYB26Qo&utm_campaign=designshare&utm_medium=link2&utm_source=uniquelinks&utlId=h3f3941310e
Module 5 Guided Notes - Factors of Production,Guided notes for neoclassical resource distribution and factor markets,Module 5,Guided Notes,Embedded Resource,https://www.canva.com/design/DAGkcRAOK1Q/L294RJgfeF1FW2kLBPEr8A/view?utm_content=DAGkcRAOK1Q&utm_campaign=designshare&utm_medium=link2&utm_source=uniquelinks&utlId=ha3deda85e8
Module 3 Reading - Consumer Choices (Optional),OpenStax Chapter 6: Optional reading,Module 3,optional reading - textbook,External Link,https://openstax.org/books/principles-microeconomics-3e/pages/6-introduction-to-consumer-choices
Module 3 Reading - Elasticity,OpenStax Chapter 5: Core reading,Module 3,required reading - textbook,External Link,https://openstax.org/books/principles-microeconomics-3e/pages/5-introduction-to-elasticity
Module 2 Reading - Demand and Supply,OpenStax Chapter 3: Core reading,Module 2,required reading - textbook,External Link,https://openstax.org/books/principles-microeconomics-3e/pages/3-introduction-to-demand-and-supply
Module 1 Reading - Choice in a World of Scarcity,OpenStax Chapter 2: Core reading,Module 1,required reading - textbook,External Link,https://openstax.org/books/principles-microeconomics-3e/pages/2-introduction-to-choice-in-a-world-of-scarcity
Module 4 Reading - Labor and Financial Markets,OpenStax Chapter 4: Core reading,Module 4,required reading - textbook,External Link,https://openstax.org/books/principles-microeconomics-3e/pages/4-introduction-to-labor-and-financial-markets
Module 4 Reading - Demand and Supply,OpenStax Chapter 3: Core reading,Module 4,required reading - textbook,External Link,https://openstax.org/books/principles-microeconomics-3e/pages/3-introduction-to-demand-and-supply
Module 2 Reading - Labor and Financial Markets (Optional),OpenStax Chapter 4: Optional reading,Module 2,optional reading - textbook,External Link,https://openstax.org/books/principles-microeconomics-3e/pages/4-introduction-to-labor-and-financial-markets
Module 4 Reading - Environmental Protection (Optional),OpenStax Chapter 12: Optional reading,Module 4,optional reading - textbook,External Link,https://openstax.org/books/principles-microeconomics-3e/pages/12-introduction-to-environmental-protection-and-negative-externalities
Module 1 Reading - Demand and Supply (Optional),OpenStax Chapter 3: Optional reading,Module 1,optional reading - textbook,External Link,https://openstax.org/books/principles-microeconomics-3e/pages/3-introduction-to-demand-and-supply
Module 1 Reading - Welcome to Economics!,OpenStax Chapter 1: Core reading,Module 1,required reading - textbook,External Link,https://openstax.org/books/principles-microeconomics-3e/pages/1-introduction
Module 7 Reading - Public Economy (Optional),OpenStax Chapter 18: Optional reading,Module 7,optional reading - textbook,External Link,https://openstax.org/books/principles-microeconomics-3e/pages/18-introduction-to-public-economy
Module 7 Reading - International Trade (Optional),OpenStax Chapter 19: Optional reading,Module 7,optional reading - textbook,External Link,https://openstax.org/books/principles-microeconomics-3e/pages/19-introduction-to-international-trade
Module 4 Reading - Positive Externalities (Optional),OpenStax Chapter 13: Optional reading,Module 4,optional reading - textbook,External Link,https://openstax.org/books/principles-microeconomics-3e/pages/13-introduction-to-positive-externalities-and-public-goods
Module 6 Reading - Financial Markets (Optional),OpenStax Chapter 17: Optional reading,Module 6,optional reading - textbook,External Link,https://openstax.org/books/principles-microeconomics-3e/pages/17-introduction-to-financial-markets
Module 5 Reading - Labor Markets and Income,OpenStax Chapter 14: Core reading,Module 5,required reading - textbook,External Link,https://openstax.org/books/principles-microeconomics-3e/pages/14-introduction-to-labor-markets-and-income
Module 5 Reading - Labor and Financial Markets,OpenStax Chapter 4: Core reading,Module 5,required reading - textbook,External Link,https://openstax.org/books/principles-microeconomics-3e/pages/4-introduction-to-labor-and-financial-markets
"Module 5 Reading - Production, Costs (Optional)",OpenStax Chapter 7: Optional reading,Module 5,optional reading - textbook,External Link,https://openstax.org/books/principles-microeconomics-3e/pages/7-introduction-to-production-costs-and-industry-structure
Module 6 Reading - Choice in a World of Scarcity,OpenStax Chapter 2: Core reading,Module 6,required reading - textbook,External Link,https://openstax.org/books/principles-microeconomics-3e/pages/2-introduction-to-choice-in-a-world-of-scarcity
Module 6 Reading - Consumer Choices,OpenStax Chapter 6: Core reading,Module 6,required reading - textbook,External Link,https://openstax.org/books/principles-microeconomics-3e/pages/6-introduction-to-consumer-choices
Module 7 Reading - Globalization (Optional),OpenStax Chapter 20: Optional reading,Module 7,optional reading - textbook,External Link,https://openstax.org/books/principles-microeconomics-3e/pages/20-introduction-to-globalization-and-protectionism
Module 10 Reading - Perfect Competition,OpenStax Chapter 8: Core reading,Module 10,required reading - textbook,External Link,https://openstax.org/books/principles-microeconomics-3e/pages/8-introduction-to-perfect-competition
Module 8 Reading - Public Economy (Optional),OpenStax Chapter 18: Optional reading,Module 8,optional reading - textbook,External Link,https://openstax.org/books/principles-microeconomics-3e/pages/18-introduction-to-public-economy
Module 10 Reading - Monopolistic Competition (Optional),OpenStax Chapter 10: Optional reading,Module 10,optional reading - textbook,External Link,https://openstax.org/books/principles-microeconomics-3e/pages/10-introduction-to-monopolistic-competition-and-oligopoly
Module 9 Reading - Perfect Competition (Optional),OpenStax Chapter 8: Optional reading,Module 9,optional reading - textbook,External Link,https://openstax.org/books/principles-microeconomics-3e/pages/8-introduction-to-perfect-competition
Module 8 Reading - Labor Markets and Income,OpenStax Chapter 14: Core reading,Module 8,required reading - textbook,External Link,https://openstax.org/books/principles-microeconomics-3e/pages/14-introduction-to-labor-markets-and-income
"Module 9 Reading - Production, Costs, and Industry Structure",OpenStax Chapter 7: Core reading,Module 9,required reading - textbook,External Link,https://openstax.org/books/principles-microeconomics-3e/pages/7-introduction-to-production-costs-and-industry-structure
Module 11 Reading - Monopoly,OpenStax Chapter 9: Core reading,Module 11,required reading - textbook,External Link,https://openstax.org/books/principles-microeconomics-3e/pages/9-introduction-to-a-monopoly
Module 8 Reading - Poverty and Economic Inequality,OpenStax Chapter 15: Core reading,Module 8,required reading - textbook,External Link,https://openstax.org/books/principles-microeconomics-3e/pages/15-introduction-to-poverty-and-economic-inequality
Module 10 Reading - Monopoly,OpenStax Chapter 9: Core reading,Module 10,required reading - textbook,External Link,https://openstax.org/books/principles-microeconomics-3e/pages/9-introduction-to-a-monopoly
Module 11 Reading - Perfect Competition,OpenStax Chapter 8: Core reading,Module 11,required reading - textbook,External Link,https://openstax.org/books/principles-microeconomics-3e/pages/8-introduction-to-perfect-competition
"Module 11 Reading - Information, Risk, Insurance (Optional)",OpenStax Chapter 16: Optional reading,Module 11,optional reading - textbook,External Link,https://openstax.org/books/principles-microeconomics-3e/pages/16-introduction-to-information-risk-and-insurance
Module 12 Reading - Environmental Protection,OpenStax Chapter 12: Core reading,Module 12,required reading - textbook,External Link,https://openstax.org/books/principles-microeconomics-3e/pages/12-introduction-to-environmental-protection-and-negative-externalities
Module 11 Reading - Antitrust Policy (Optional),OpenStax Chapter 11: Optional reading,Module 11,optional reading - textbook,External Link,https://openstax.org/books/principles-microeconomics-3e/pages/11-introduction-to-monopoly-and-antitrust-policy
Module 11 Reading - Monopolistic Competition and Oligopoly,OpenStax Chapter 10: Core reading,Module 11,required reading - textbook,External Link,https://openstax.org/books/principles-microeconomics-3e/pages/10-introduction-to-monopolistic-competition-and-oligopoly
Module 12 Reading - Positive Externalities and Public Goods,OpenStax Chapter 13: Core reading,Module 12,required reading - textbook,External Link,https://openstax.org/books/principles-microeconomics-3e/pages/13-introduction-to-positive-externalities-and-public-goods
Module 12 Reading - Public Economy,OpenStax Chapter 18: Core reading,Module 12,required reading - textbook,External Link,https://openstax.org/books/principles-microeconomics-3e/pages/18-introduction-to-public-economy
Module 5 Quiz - Factor Markets (Quiz 1),Khan Academy practice quiz on derived demand and marginal product,Module 5,Quiz,External Link,https://www.khanacademy.org/economics-finance-domain/ap-microeconomics/factor-markets/ap-labor-marginal-product-rev/quiz/factor-markets-quiz-1
Module 5 Quiz - Basic Economic Concepts (Quiz 1),Khan Academy practice quiz on scarcity and resource allocation,Module 5,Quiz,External Link,https://www.khanacademy.org/economics-finance-domain/ap-microeconomics/basic-economic-concepts/resource-allocation-and-economic-systems/quiz/basic-economic-concepts-quiz-1
Module 4 Quiz - Supply & Demand (Quiz 3),Khan Academy practice quiz on consumer and producer surplus,Module 4,Quiz,External Link,https://www.khanacademy.org/economics-finance-domain/ap-microeconomics/unit-2-supply-and-demnd/27/quiz/unit-2-supply-and-demnd-quiz-3
Module 5 Quiz - Production & Costs (Quiz 1),Khan Academy practice quiz on production decisions and costs,Module 5,Quiz,External Link,https://www.khanacademy.org/economics-finance-domain/ap-microeconomics/production-cost-and-the-perfect-competition-model-temporary/33-long-run-p/quiz/production-cost-and-the-perfect-competition-model-temporary-quiz-1
Module 1 Quiz - Basic Economic Concepts (Quiz 3),Khan Academy practice quiz on comparative advantage and gains from trade,Module 1,Quiz,External Link,https://www.khanacademy.org/economics-finance-domain/ap-microeconomics/basic-economic-concepts/resource-allocation-and-economic-systems/quiz/basic-economic-concepts-quiz-1
Module 3 Quiz - Supply & Demand (Quiz 2),Khan Academy practice quiz on price elasticity of demand,Module 3,Quiz,External Link,https://www.khanacademy.org/economics-finance-domain/ap-microeconomics/unit-2-supply-and-demnd/25/quiz/unit-2-supply-and-demnd-quiz-2
Module 1 Quiz - Basic Economic Concepts (Quiz 1),Khan Academy practice quiz on scarcity and basic economic concepts,Module 1,Quiz,External Link,https://www.khanacademy.org/economics-finance-domain/ap-microeconomics/basic-economic-concepts/comparative-advantage-and-trade/quiz/basic-economic-concepts-quiz-2
Module 1 Quiz - Basic Economic Concepts (Quiz 2),Khan Academy practice quiz on production possibilities and trade-offs,Module 1,Quiz,External Link,https://www.khanacademy.org/economics-finance-domain/ap-microeconomics/basic-economic-concepts/16/quiz/basic-economic-concepts-quiz-3
Module 2 Quiz - Supply & Demand (Quiz 1),Khan Academy practice quiz on demand curves and market equilibrium,Module 2,Quiz,External Link,https://www.khanacademy.org/economics-finance-domain/ap-microeconomics/unit-2-supply-and-demnd/22/quiz/unit-2-supply-and-demnd-quiz-1
Module 4 Quiz - Supply & Demand (Quiz 4),Khan Academy practice quiz on deadweight loss and market interventions,Module 4,Quiz,External Link,https://www.khanacademy.org/economics-finance-domain/ap-microeconomics/unit-2-supply-and-demnd/29-international-trade-and-public-policy/quiz/unit-2-supply-and-demnd-quiz-4
Module 10 Quiz - Production & Costs (Quiz 2),Khan Academy practice quiz on cost curves and profit maximization,Module 10,Quiz,External Link,https://www.khanacademy.org/economics-finance-domain/ap-microeconomics/production-cost-and-the-perfect-competition-model-temporary/profit-maximization/quiz/production-cost-and-the-perfect-competition-model-temporary-quiz-2
Module 11 Quiz - Imperfect Competition (Quiz 1),Khan Academy practice quiz on monopoly and market power,Module 11,Quiz,External Link,https://www.khanacademy.org/economics-finance-domain/ap-microeconomics/imperfect-competition/ap-price-discrimination-tutorial/quiz/imperfect-competition-quiz-1
Module 9 Quiz - Production & Costs (Quiz 1),Khan Academy practice quiz on production costs and firm decisions,Module 9,Quiz,External Link,https://www.khanacademy.org/economics-finance-domain/ap-microeconomics/production-cost-and-the-perfect-competition-model-temporary/33-long-run-p/quiz/production-cost-and-the-perfect-competition-model-temporary-quiz-1
Module 10 Quiz - Imperfect Competition (Quiz 1),Khan Academy practice quiz on monopoly and imperfect competition,Module 10,Quiz,External Link,https://www.khanacademy.org/economics-finance-domain/ap-microeconomics/imperfect-competition/ap-price-discrimination-tutorial/quiz/imperfect-competition-quiz-1
Module 10 Quiz - Production & Costs (Quiz 3),Khan Academy practice quiz on perfect competition and profit maximization,Module 10,Quiz,External Link,https://www.khanacademy.org/economics-finance-domain/ap-microeconomics/production-cost-and-the-perfect-competition-model-temporary/ap-perfect-competition/quiz/production-cost-and-the-perfect-competition-model-temporary-quiz-3
Module 9 Quiz - Production & Costs (Quiz 2),Khan Academy practice quiz on cost curves and production functions,Module 9,Quiz,External Link,https://www.khanacademy.org/economics-finance-domain/ap-microeconomics/production-cost-and-the-perfect-competition-model-temporary/profit-maximization/quiz/production-cost-and-the-perfect-competition-model-temporary-quiz-2
Module 8 Quiz - Market Failure (Quiz 2),Khan Academy practice quiz on income inequality and market failure,Module 8,Quiz,External Link,https://www.khanacademy.org/economics-finance-domain/ap-microeconomics/ap-consumer-producer-surplus/inequality/quiz/ap-consumer-producer-surplus-quiz-2
Module 7 Quiz - Basic Economic Concepts (Quiz 1),Khan Academy practice quiz on economic systems and capitalism,Module 7,Quiz,External Link,https://www.khanacademy.org/economics-finance-domain/ap-microeconomics/basic-economic-concepts/resource-allocation-and-economic-systems/quiz/basic-economic-concepts-quiz-1
Module 6 Quiz - Basic Economic Concepts (Quiz 3),Khan Academy practice quiz on comparative advantage and constraints,Module 6,Quiz,External Link,https://www.khanacademy.org/economics-finance-domain/ap-microeconomics/basic-economic-concepts/16/quiz/basic-economic-concepts-quiz-3
Module 11 Quiz - Imperfect Competition (Quiz 2),Khan Academy practice quiz on oligopoly and monopolistic competition,Module 11,Quiz,External Link,https://www.khanacademy.org/economics-finance-domain/ap-microeconomics/imperfect-competition/oligopoly-and-game-theory/quiz/imperfect-competition-quiz-2
Module 12 Quiz - Market Failure (Quiz 1),Khan Academy practice quiz on externalities and public goods,Module 12,Quiz,External Link,https://www.khanacademy.org/economics-finance-domain/ap-microeconomics/ap-consumer-producer-surplus/public-and-private-goods/quiz/ap-consumer-producer-surplus-quiz-1?referrer=upsell
